Date,1M,2M,3M,6M,1Y,2Y,3Y,5Y,10Y,Metric_Level,Metric_Slope,Metric_Curvature,Metric_Real_Yield
2020-01-31,4.249,4.214111111111111,4.1855714285714285,4.2294285714285715,4.426545454545455,5.063666666666666,5.5696666666666665,6.2327,6.987,5.017521099887767,1.9233333333333338,0.4147333333333343,
2020-02-28,4.138,4.125,4.105,4.067,4.1582,4.713777777777778,5.336222222222222,6.190122448979592,7.062310344827587,4.877292532645242,2.3485325670498094,0.6041567753538191,
2020-03-31,3.64,3.4655,3.3622,3.231,3.34325,4.3657,5.574,6.855384615384614,8.084233333333334,4.657918660968662,3.7185333333333332,1.2608358974358946,
2020-04-30,3.161,3.0509999999999997,2.963,2.838,2.9579999999999997,4.001823529411765,5.183999999999999,6.665555555555555,8.152687499999999,4.330562953885258,4.150863970588234,1.1766000816993447,
2020-05-29,2.641,2.4604999999999997,2.3640000000000003,2.3156666666666665,2.55,3.6152857142857147,4.6859,6.1574375,7.71478125,3.8338412367724874,4.099495535714285,0.9848080357142859,
2020-06-30,2.1479999999999997,2.0998888888888887,2.077,2.07,2.37,3.4799999999999995,4.5539,5.9384848484848485,7.4327575757575755,3.574447923681257,3.952757575757576,0.9642121212121229,
2020-07-31,1.975,1.949,1.926,1.94,2.2785,3.262647058823529,4.214,5.451586206896552,6.868,3.3183036961911205,3.6053529411764713,0.7725253549695754,
2020-08-31,1.9140000000000001,1.9300000000000002,1.9900000000000002,2.0858000000000003,2.589,3.6929999999999996,4.822444444444445,6.225409090909091,7.659454545454546,3.6565675645342313,3.966454545454546,1.0983636363636364,
2020-09-30,1.9140000000000001,1.9460000000000002,1.974,2.216125,2.78,4.21,5.4832222222222216,6.905692307692307,8.31090909090909,3.9711054023137353,4.100909090909091,1.2904755244755233,
2020-10-30,1.905,1.952,2.02,2.268,3.2028,4.852588235294117,6.002700000000001,7.1787,8.304530612244898,4.187368760837668,3.4519423769507807,1.2002811524609847,
2020-11-30,1.918,1.965,2.0087777777777776,2.3064444444444443,3.1878,4.893117647058824,6.05,7.16096875,8.351870967741934,4.2046643985581085,3.458753320683111,1.0769488851992435,
2021-01-29,1.91,1.96,2.0089,2.46,3.4779999999999998,4.930631578947368,5.827999999999999,6.719666666666667,7.792249999999999,4.120827582846003,2.861618421052631,0.7164517543859663,
2021-02-26,2.119,2.255,2.4330000000000003,3.0236666666666667,4.1000000000000005,5.810714285714286,6.7589999999999995,7.613305084745763,8.530275862068965,4.738217988799521,2.719561576354679,0.8856200217082737,
2021-03-31,2.6599999999999997,3.028,3.315,4.037333333333334,5.098,6.708444444444445,7.603599999999999,8.493416666666667,9.250586206896552,5.577153405704554,2.5421417624521068,1.0278026819923358,
2021-04-30,3.273,3.504,3.6990000000000003,4.303,5.260166666666667,6.652266666666666,7.437500000000001,8.198629629629629,9.004622222222222,5.703576131687243,2.3523555555555564,0.7403703703703695,
2021-05-31,3.749,3.956,4.202249999999999,4.842,5.8790000000000004,7.0675,7.665333333333334,8.30921875,9.102384615384615,6.085854077635328,2.034884615384615,0.4485528846153848,
2021-06-30,4.154,4.514333333333333,4.769,5.643,6.584000000000001,7.449999999999999,7.904799999999999,8.381818181818183,9.050138461538463,6.494565552965554,1.6001384615384637,0.26349790209790314,
2021-07-30,5.01,5.238,5.591,6.558,7.466166666666665,8.206,8.604142857142858,8.976,9.528291666666666,7.2419556878306865,1.3222916666666666,0.21770833333333606,
2021-08-31,5.4350000000000005,5.852,6.323571428571428,7.311444444444444,8.192,9.004,9.425909090909093,9.884693548387096,10.469242424242424,7.98865121517272,1.4652424242424242,0.2961446725317689,
2021-09-30,6.254,6.7515714285714274,7.1865,8.07,8.987,9.831777777777779,10.251142857142858,10.6385,11.095969696969696,8.785162417829083,1.2641919191919175,0.3492525252525258,
2021-10-29,7.672,8.334,8.715,10.3819,11.940000000000001,12.2805,12.171285714285714,12.247714285714286,12.3151,10.673055555555557,0.0345999999999993,-0.1001714285714268,
2021-11-30,8.745,8.9628,9.48,10.825,11.768,11.698,11.49995,11.379999999999999,11.34927868852459,10.634225409836066,-0.3487213114754102,-0.2872786885245926,
2022-01-31,10.472666666666667,10.879999999999999,11.2562,11.9131,12.249142857142857,11.706666666666667,11.262272727272729,11.22651851851852,11.36190909090909,11.369830725241837,-0.34475757575757626,-0.6155387205387193,9.249142857142857
2022-03-31,11.690000000000001,12.086,12.31,12.634333333333334,12.712000000000002,11.8952,11.355666666666666,11.231591836734694,11.53947619047619,11.939363114134544,-0.3557238095238109,-0.9714925170068032,9.712000000000002
2022-04-29,12.466000000000001,12.65,12.805,13.0075,13.004000000000001,12.392444444444443,11.967142857142857,11.801413793103448,12.094479166666666,12.465331140150823,-0.29796527777777726,-0.8840960249042134,10.004000000000001
2022-05-31,12.891,13.034,13.149,13.358,13.383000000000001,12.577312500000001,12.181090909090909,12.109375,12.33659375,12.779930239898992,-0.24071875000000098,-0.6951562500000019,10.163
2022-06-30,13.152,13.34,13.467,13.777000000000001,13.780000000000001,13.005357142857143,12.611333333333333,12.666312500000002,12.893375,13.188041997354498,-0.11198214285714236,-0.56610714285714,10.780000000000001
2022-07-29,13.553,13.622,13.703999999999999,13.8232,13.703727272727273,12.92442105263158,12.610428571428573,12.6278,12.765799999999999,13.259375210754158,-0.158621052631581,-0.43462105263157724,10.703727272727273
2022-08-31,13.678,13.705,13.730333333333334,13.7436,13.416,12.242,11.820333333333334,11.796725806451612,12.034451612903228,12.907382676224612,-0.20754838709677337,-0.6830000000000052,10.416
2022-09-30,13.664000000000001,13.686833333333334,13.700000000000001,13.68,13.172111111111112,11.792571428571428,11.505333333333333,11.602255319148934,11.826145161290322,12.736583298532052,0.03357373271889408,-0.41420595156388096,10.172111111111112
2022-10-31,13.654,13.674,13.68,13.685555555555554,13.122200000000001,11.848526315789472,11.567,11.493888888888888,11.659,12.709352306692658,-0.18952631578947177,-0.5197485380116973,10.101500000000001
2022-11-30,13.68,13.700333333333333,13.725000000000001,13.88,13.938,13.093380952380954,12.7827,12.592352941176472,12.608999999999998,13.33341858076564,-0.48438095238095613,-0.5176750700280088,10.938
2023-01-31,13.652999999999999,13.664000000000001,13.680666666666669,13.7098,13.456090909090909,12.779499999999999,12.729727272727272,12.847137931034483,13.054387096774192,13.286034430699281,0.27488709677419365,-0.13961123470522452,9.956090909090909
2023-02-28,13.648,13.653,13.649000000000001,13.5915,13.2575,12.668399999999998,12.774777777777777,13.098762711864406,13.419833333333333,13.306752646997278,0.7514333333333347,0.10929209039548127,9.5075
2023-03-31,13.652000000000001,13.6378,13.632285714285713,13.450999999999999,12.853599999999998,11.956545454545454,11.97675,12.340872340425532,12.928616666666667,12.936607797324818,0.9720712121212127,-0.20341744036105602,8.853599999999998
2023-04-28,13.648,13.642000000000001,13.617,13.499666666666668,12.827,11.923,11.786894736842104,12.010814814814815,12.445895833333335,12.822252450184102,0.5228958333333349,-0.34726620370370576,8.827
2023-05-31,13.639000000000001,13.635,13.596,13.342,12.412285714285714,11.132636363636363,10.873,11.143911764705884,11.625265625,12.377677718625328,0.4926292613636374,-0.470078459224597,8.412285714285714
2023-06-30,13.65,13.495,13.381000000000002,12.845999999999998,11.656600000000001,10.339714285714285,10.104444444444445,10.393225806451612,10.73153125,11.844168420734482,0.3918169642857148,-0.2847939228110601,8.156600000000001
2023-07-31,13.289142857142858,13.18,13.028999999999998,12.386999999999999,11.223785714285714,10.218235294117646,10.097818181818182,10.475733333333334,10.900148936170211,11.644540479651994,0.6819136420525655,-0.1669175636211886,7.7237857142857145
2023-08-31,12.978000000000002,12.812000000000001,12.575,11.98325,10.940272727272728,10.216909090909091,10.291894736842105,10.775761904761904,11.239285714285714,11.534708241563505,1.0223766233766227,0.09532900432900249,7.440272727272728
2023-09-29,12.653,12.415,12.234888888888888,11.7636,11.03,10.612,10.761999999999999,11.267285714285714,11.734825396825396,11.608066666666666,1.1228253968253963,0.18774603174603222,7.529999999999999
2023-10-31,12.209,12.045555555555556,11.924,11.567444444444444,11.1465,11.0566,11.222,11.576500000000001,11.847478260869565,11.62167536231884,0.7908782608695653,0.2489217391304379,7.6465
2023-11-30,11.886,11.766,11.5452,11.06242857142857,10.395999999999999,9.9871,10.05865,10.484451612903225,10.849454545454545,10.892809414420705,0.8623545454545454,0.13234868035190495,6.895999999999999
2024-01-31,11.164,11.0674,10.926777777777778,10.466000000000001,9.9025,9.651736842105263,9.811947368421054,10.246571428571428,10.596,10.425881490763949,0.9442631578947367,0.2454060150375934,6.4025
2024-02-29,11.021,10.839,10.666,10.261000000000001,9.888333333333334,9.820545454545455,10.0274,10.445704918032787,10.79293103448276,10.417990526710481,0.9723855799373045,0.2779333470373597,6.388333333333334
2024-04-30,10.459999999999999,10.397,10.344000000000001,10.310125,10.394,10.768705882352942,11.103666666666667,11.575714285714286,11.855184615384616,10.800932938902056,1.086478733031674,0.527538073691014,6.894
2024-05-31,10.39,10.371,10.361333333333333,10.387,10.563615384615385,10.962555555555555,11.283499999999998,11.68321212121212,11.892584615384616,10.877200112233446,0.9300290598290601,0.5112840714840701,6.963615384615386
2024-06-28,10.416,10.441,10.489,10.715,11.196,11.779,12.06425,12.348181818181818,12.363323076923077,11.312417210567212,0.5843230769230772,0.5540405594405584,7.5809999999999995
2024-07-31,10.418,10.45,10.494285714285715,10.8235,11.392000000000001,11.790625,11.910333333333332,11.9984,11.923031746031747,11.24446397707231,0.13240674603174618,0.28314325396825346,7.787000000000001
2024-08-30,10.532,10.631,10.796,11.294,11.751818181818182,11.924428571428571,12.0085,12.101015873015873,12.034619047619048,11.45259796376463,0.11019047619047662,0.24298412698412797,8.151818181818182
2024-09-30,10.656,10.81,11.0025,11.551454545454545,12.18,12.417250000000001,12.411999999999999,12.464290322580645,12.307142857142857,11.75562641390867,-0.11010714285714407,0.20418778801843196,8.57
2024-10-31,11.064,11.291777777777776,11.469999999999999,12.043444444444445,12.684999999999999,12.969411764705882,12.990631578947367,12.958,12.711666666666668,12.242659136949127,-0.25774509803921397,0.23492156862745084,9.151
2024-11-29,11.664,11.869333333333334,12.198,13.023333333333332,13.867846153846155,14.056555555555555,13.948599999999999,13.7071,13.3656,13.077818708452043,-0.6909555555555542,-0.007955555555554383,10.067846153846155
2025-01-31,13.159,13.395399999999999,13.678333333333335,14.341750000000001,14.966545454545454,14.9504,14.774857142857142,14.691,14.56304918032787,14.280037234562647,-0.3873508196721307,-0.13144918032786812,10.686545454545453
2025-02-28,13.5745,13.90925,14.171555555555553,14.6408,15.042818181818182,15.030409090909092,14.993555555555554,15.131758620689656,15.033475409836067,14.614235823818234,0.0030663189269741764,0.19963274063415248,10.642818181818182
2025-03-31,14.155999999999999,14.391000000000002,14.541599999999999,14.866999999999999,15.085999999999999,14.883,14.71,14.81,14.812704918032788,14.69525610200364,-0.07029508196721146,-0.07570491803278578,10.585999999999999
2025-04-30,14.468,14.529,14.594,14.663,14.462999999999997,13.702666666666666,13.449666666666666,13.716000000000001,13.844923076923077,14.158917378917382,0.14225641025641167,-0.11558974358974083,9.962999999999997
2025-05-30,14.693999999999999,14.729999999999999,14.757000000000001,14.788,14.6293125,13.878619047619049,13.570428571428572,13.701531249999999,13.7636,14.27916570767196,-0.11501904761904846,-0.2391565476190518,10.1293125
2025-06-30,14.907,14.921444444444443,14.9316,14.929400000000001,14.677999999999999,13.603769230769231,13.09677777777778,13.149727272727274,13.274753846153844,14.165830285763619,-0.3290153846153867,-0.5790685314685273,10.177999999999999
2025-07-31,14.907,14.912,14.9235,14.92,14.7455,13.8934,13.5717,13.71951724137931,13.849555555555556,14.382463644103877,-0.04384444444444391,-0.30392107279693725,10.2882
2025-08-29,14.907,14.907,14.905,14.838000000000001,14.366000000000001,13.452333333333332,13.200157894736842,13.456999999999999,13.684619047619046,14.190790030632137,0.2322857142857142,-0.22295238095238012,10.136000000000001
2025-09-30,14.904,14.901,14.898,14.825,14.324,13.478142857142858,13.235,13.393818181818181,13.483285714285714,14.160249639249638,0.005142857142855561,-0.17379220779220894,10.0434
2025-10-31,14.904333333333334,14.895,14.890999999999998,14.737,14.050111111111113,13.20775,13.08145,13.335413793103449,13.510066666666667,14.068013878246063,0.3023166666666661,-0.04698908045977035,9.850111111111111
2025-11-28,14.895,14.892,14.8392,14.522363636363636,13.699272727272726,12.836052631578948,12.726,12.973428571428572,13.151399999999999,13.83719084073821,0.31534736842105104,-0.0405954887218023,9.526472727272726
2026-01-30,14.892199999999999,14.818375,14.699285714285711,14.225285714285713,13.343555555555556,12.687722222222222,12.7182,13.059466666666667,13.312474576271185,13.750729494365228,0.6247523540489635,0.11873653483992719,9.353255555555556
2026-02-27,14.731,14.594,14.374999999999998,13.857,13.101363636363637,12.612941176470589,12.69211111111111,13.0575,13.337237288135592,13.59535035689788,0.7242961116650033,0.16482153539381805,9.188963636363637
2026-03-31,14.642,14.500555555555556,14.424666666666667,14.204,13.977333333333334,13.738714285714288,13.7351,13.84506896551724,13.875983050847458,14.10482465084828,0.13726876513316988,0.07544059447273632,9.500533333333333
2026-04-30,14.404,14.363999999999999,14.309,14.203500000000002,14.0262,13.726374999999999,13.670684210526316,13.674166666666668,13.683369230769232,14.006810567551359,-0.043005769230767044,-0.061410897435894896,9.1335
2026-05-29,14.32,14.265,14.210999999999999,14.124,14.021749999999999,13.84988888888889,13.85957894736842,13.900454545454544,13.978446153846155,14.058902059506444,0.12855726495726572,-0.02742595182595764,8.92945
2026-06-30,14.154,14.08,14.033999999999999,13.986,14.015600000000001,14.025583333333335,14.122499999999999,14.162515151515153,14.15476923076923,14.081663079513081,0.12918589743589415,0.14467773892774183,8.671500000000002
2026-07-31,13.957,13.897,13.841999999999999,13.807571428571427,13.844666666666667,14.005055555555554,14.227333333333334,14.441,14.682060606060606,14.078187510020843,0.677005050505052,0.19488383838384138,8.816866666666666
2026-08-31,13.794999999999998,13.730999999999998,13.662199999999999,13.598199999999999,13.72309090909091,14.092545454545455,14.358714285714285,14.5395,14.576272727272727,14.008502597402597,0.4837272727272719,0.41018181818181887,8.72309090909091
