Snapshot,Date,Vertex_Label,Vertex_Years,Rate_Pct
Atual,2026-08-31,1M,0.08333333333333333,13.794999999999998
Atual,2026-08-31,2M,0.16666666666666666,13.730999999999998
Atual,2026-08-31,3M,0.25,13.662199999999999
Atual,2026-08-31,6M,0.5,13.598199999999999
Atual,2026-08-31,1Y,1.0,13.72309090909091
Atual,2026-08-31,2Y,2.0,14.092545454545455
Atual,2026-08-31,3Y,3.0,14.358714285714285
Atual,2026-08-31,5Y,5.0,14.5395
Atual,2026-08-31,10Y,10.0,14.576272727272727
1 Mês Atrás,2026-07-31,1M,0.08333333333333333,13.957
1 Mês Atrás,2026-07-31,2M,0.16666666666666666,13.897
1 Mês Atrás,2026-07-31,3M,0.25,13.841999999999999
1 Mês Atrás,2026-07-31,6M,0.5,13.807571428571427
1 Mês Atrás,2026-07-31,1Y,1.0,13.844666666666667
1 Mês Atrás,2026-07-31,2Y,2.0,14.005055555555554
1 Mês Atrás,2026-07-31,3Y,3.0,14.227333333333334
1 Mês Atrás,2026-07-31,5Y,5.0,14.441
1 Mês Atrás,2026-07-31,10Y,10.0,14.682060606060606
3 Meses Atrás,2026-05-29,1M,0.08333333333333333,14.32
3 Meses Atrás,2026-05-29,2M,0.16666666666666666,14.265
3 Meses Atrás,2026-05-29,3M,0.25,14.210999999999999
3 Meses Atrás,2026-05-29,6M,0.5,14.124
3 Meses Atrás,2026-05-29,1Y,1.0,14.021749999999999
3 Meses Atrás,2026-05-29,2Y,2.0,13.84988888888889
3 Meses Atrás,2026-05-29,3Y,3.0,13.85957894736842
3 Meses Atrás,2026-05-29,5Y,5.0,13.900454545454544
3 Meses Atrás,2026-05-29,10Y,10.0,13.978446153846155
1 Ano Atrás,2025-07-31,1M,0.08333333333333333,14.907
1 Ano Atrás,2025-07-31,2M,0.16666666666666666,14.912
1 Ano Atrás,2025-07-31,3M,0.25,14.9235
1 Ano Atrás,2025-07-31,6M,0.5,14.92
1 Ano Atrás,2025-07-31,1Y,1.0,14.7455
1 Ano Atrás,2025-07-31,2Y,2.0,13.8934
1 Ano Atrás,2025-07-31,3Y,3.0,13.5717
1 Ano Atrás,2025-07-31,5Y,5.0,13.71951724137931
1 Ano Atrás,2025-07-31,10Y,10.0,13.849555555555556
