Date,Regime,Regime_Label,Confidence,slope_change,brl_change,equity_change,inflation_exp_change
2020-01-31,risk_on,🟢 Risk-on,0.4,-0.4627423150204633,-0.9316032559464439,-0.9635173235633239,-0.3707064798463221
2020-02-28,risk_on,🟢 Risk-on,0.4,-0.4627423150204633,-0.9316032559464439,-0.9635173235633239,-0.3707064798463221
2020-03-31,risk_on,🟢 Risk-on,0.4,-0.4627423150204633,-0.9316032559464439,-0.9635173235633239,-0.3707064798463221
2020-04-30,risk_on,🟢 Risk-on,0.4,-0.4627423150204633,-0.9316032559464439,-0.9635173235633239,-0.3707064798463221
2020-05-29,risk_on,🟢 Risk-on,0.4,-0.4627423150204633,-0.9316032559464439,-0.9635173235633239,-0.3707064798463221
2020-06-30,risk_on,🟢 Risk-on,0.4,-0.4627423150204633,-0.9316032559464439,-0.9635173235633239,-0.3707064798463221
2020-07-31,risk_on,🟢 Risk-on,0.4,-0.4627423150204633,-0.9316032559464439,-0.9635173235633239,-0.3707064798463221
2020-08-31,risk_on,🟢 Risk-on,0.4,-0.4627423150204633,-0.9316032559464439,-0.9635173235633239,-0.3707064798463221
2020-09-30,risk_on,🟢 Risk-on,0.4,-0.4627423150204633,-0.9316032559464439,-0.9635173235633239,-0.3707064798463221
2020-10-30,risk_on,🟢 Risk-on,0.4,-0.4627423150204633,-0.9316032559464439,-0.9635173235633239,-0.3707064798463221
2020-11-30,risk_on,🟢 Risk-on,0.4,-0.4627423150204633,-0.9316032559464439,-0.9635173235633239,-0.3707064798463221
2021-01-29,risk_on,🟢 Risk-on,0.4,-0.4627423150204633,-0.9316032559464439,-0.9635173235633239,-0.3707064798463221
2021-02-26,risk_on,🟢 Risk-on,0.4,-0.4627423150204633,-0.9316032559464439,-0.9635173235633239,-0.3707064798463221
2021-03-31,risk_on,🟢 Risk-on,0.4,-0.4627423150204633,-0.9316032559464439,-0.9635173235633239,-0.3707064798463221
2021-04-30,risk_on,🟢 Risk-on,0.4,-0.4627423150204633,-0.9316032559464439,-0.9635173235633239,-0.3707064798463221
2021-05-31,risk_on,🟢 Risk-on,0.4,-0.4627423150204633,-0.9316032559464439,-0.9635173235633239,-0.3707064798463221
2021-06-30,risk_on,🟢 Risk-on,0.4,-0.4627423150204633,-0.9316032559464439,-0.9635173235633239,-0.3707064798463221
2021-07-30,risk_on,🟢 Risk-on,0.4,-0.4627423150204633,-0.9316032559464439,-0.9635173235633239,-0.3707064798463221
2021-08-31,risk_on,🟢 Risk-on,0.4,-0.4627423150204633,-0.9316032559464439,-0.9635173235633239,-0.3707064798463221
2021-09-30,risk_on,🟢 Risk-on,0.4,-0.4627423150204633,-0.9316032559464439,-0.9635173235633239,-0.3707064798463221
2021-10-29,risk_on,🟢 Risk-on,0.4,-0.4627423150204633,-0.9316032559464439,-0.9635173235633239,-0.3707064798463221
2021-11-30,risk_on,🟢 Risk-on,0.4,-0.4627423150204633,-0.9316032559464439,-0.9635173235633239,-0.3707064798463221
2022-01-31,risk_on,🟢 Risk-on,0.4,-0.4627423150204633,-0.9316032559464439,-0.9635173235633239,-0.3707064798463221
2022-03-31,risk_on,🟢 Risk-on,0.4,-0.4627423150204633,-0.9316032559464439,-0.9635173235633239,-0.3707064798463221
2022-04-29,risk_on,🟢 Risk-on,0.4,-0.4627423150204633,-0.9316032559464439,-0.9635173235633239,-0.3707064798463221
2022-05-31,risk_on,🟢 Risk-on,0.4,-0.2921698942819638,-1.3071361304326563,-0.9994520188466414,-0.3707064798463221
2022-06-30,risk_off,🔴 Risk-off,0.6666666666666666,-0.06567600741276279,-0.22388800408608958,-1.3997906779528113,-0.3707064798463221
2022-07-29,risk_off,🔴 Risk-off,0.6666666666666666,0.12826344689029065,-0.08100850178062634,-1.3167974855413023,-0.3707064798463221
2022-08-31,risk_off,🔴 Risk-off,0.6666666666666666,0.4059713391337687,0.25675643246521435,-1.0506317571613792,-0.3707064798463221
2022-09-30,risk_off,🔴 Risk-off,0.6666666666666666,0.7727555890332544,0.4702162420927551,-0.8427883457949616,-0.3707064798463221
2022-10-31,risk_off,🔴 Risk-off,0.6666666666666666,0.46997126163553293,0.12236300841546166,-0.5171494224926944,-0.3707064798463221
2022-11-30,disinflationary,🔵 Desinflacionário,1.0,0.38362100769525614,-0.27213193215935966,-0.35032288983478455,-0.3707064798463221
2023-01-31,risk_on,🟢 Risk-on,0.3333333333333333,1.7966353194630846,-0.8196706464267959,0.014559476488751864,-0.3707064798463221
2023-02-28,risk_on,🟢 Risk-on,0.3333333333333333,2.1175781377198577,-0.6050242906541264,-0.28124091126288864,-0.3707064798463221
2023-03-31,risk_off,🔴 Risk-off,0.6666666666666666,1.9985116879863833,-0.4054494669156025,-0.8162017997248637,-0.3707064798463221
2023-04-28,risk_off,🔴 Risk-off,0.6666666666666666,1.5850557460403116,0.4331819705076919,-0.94454591716277,-0.3707064798463221
2023-05-31,risk_off,🔴 Risk-off,0.5,1.4328484399388723,0.2103707533909088,-0.31612461174674655,-0.3707064798463221
2023-06-30,risk_off,🔴 Risk-off,0.5,1.2684460307004861,0.225370415996088,-0.0492872786270942,-0.3707064798463221
2023-07-31,risk_on,🟢 Risk-on,0.5,1.2937722807037804,-0.8065657719000486,0.7805591786576851,-0.3707064798463221
2023-08-31,risk_off,🔴 Risk-off,0.5,1.4327601623316548,-0.49050474672925065,0.21487400622082217,-0.3707064798463221
2023-09-29,risk_off,🔴 Risk-off,0.5,1.4344623781608015,-0.10226871702457634,-0.06906622767836984,-0.3707064798463221
2023-10-31,risk_on,🟢 Risk-on,0.3333333333333333,1.07411701893083,-0.5640302755414097,-0.24644887505358853,-0.3707064798463221
2023-11-30,risk_on,🟢 Risk-on,0.3333333333333333,1.1883071758128925,-0.6285251682286577,0.10580348086130605,-0.3707064798463221
2024-01-31,risk_off,🔴 Risk-off,0.5,1.3333567906768222,-0.4928269707223745,0.30064709424376296,-0.3511700843586843
2024-02-29,disinflationary,🔵 Desinflacionário,0.5,0.9098531715128609,-0.1647741547687373,0.29944059107334425,-1.72743810330613
2024-04-30,disinflationary,🔵 Desinflacionário,0.375,0.696869070442381,-0.028376849434559683,0.6276951488292057,-1.4716497315984562
2024-05-31,disinflationary,🔵 Desinflacionário,0.6,0.48135624845860664,0.3643160527405825,0.6068300305899014,-1.8632694988591647
2024-06-28,risk_off,🔴 Risk-off,0.36363636363636365,0.5292884952654271,1.225030935712758,0.5319956540434791,-1.757042640867664
2024-07-31,risk_off,🔴 Risk-off,0.3333333333333333,0.2885457979827327,1.2744351359206212,0.47883446830149123,-1.5561955474826823
2024-08-30,risk_off,🔴 Risk-off,0.3333333333333333,0.32842088263455527,1.6575436827979104,0.3257401214832159,-0.6710350289427901
2024-09-30,risk_off,🔴 Risk-off,0.3333333333333333,0.03439751151326027,1.499991145251856,-0.07313002099499782,-0.6432511107562422
2024-10-31,risk_off,🔴 Risk-off,0.5,-0.24686529900904441,1.6987951694091787,0.1524797700706744,-0.4059646639261504
2024-11-29,risk_on,🟢 Risk-on,0.2857142857142857,-0.552864821330834,1.7619134950792266,-0.09347401552547872,0.06346155289876261
2025-01-31,inflationary,🟡 Inflacionário,0.6666666666666666,-0.17245324935085912,1.4125173943771723,0.12070974661416624,1.1172827923225417
2025-02-28,risk_off,🔴 Risk-off,0.5,0.01945651550371613,1.592847522206874,-0.7590398618567995,1.3040834751751602
2025-03-31,inflationary,🟡 Inflacionário,0.6666666666666666,-0.07436935506239287,1.2960154724565778,-0.4234816644729077,1.4222858944612575
2025-04-30,inflationary,🟡 Inflacionário,0.6666666666666666,0.03897201170342297,0.9810128053925677,-0.2561920264649702,1.332429488222096
2025-05-30,inflationary,🟡 Inflacionário,0.6666666666666666,-0.1906272336368591,0.7443487027126625,-0.00435884063366638,1.2578759014057541
2025-06-30,inflationary,🟡 Inflacionário,0.6666666666666666,-0.2244280162156797,0.24146448417462618,0.2947476409472988,1.0001525684567463
2025-07-31,inflationary,🟡 Inflacionário,0.6666666666666666,0.1758217242847097,-0.1268346508422805,-0.09828968327337147,0.8057007484819982
2025-08-29,risk_on,🟢 Risk-on,0.3333333333333333,0.6355266234653904,-0.5815265667567378,0.11397276289448072,0.3718518301560132
2025-09-30,risk_on,🟢 Risk-on,0.4,0.4964849976322985,-0.7511706886374768,-0.09261037635269004,0.6952778415821436
2025-10-31,risk_off,🔴 Risk-off,0.5,0.820710910142443,-0.3177528418899743,0.28484308088309873,0.4998040269407808
2025-11-28,risk_on,🟢 Risk-on,0.5,0.9095960767820949,-0.8926282529964813,0.8657294054363978,0.09297822066872015
2026-01-30,risk_on,🟢 Risk-on,0.4,1.3791457623129955,-1.5376912608099813,2.127459204919606,-0.8463167556743456
2026-02-27,risk_on,🟢 Risk-on,0.4,1.221416745943132,-1.427752859276171,2.2866224642276016,-1.7834121126615956
2026-03-31,risk_on,🟢 Risk-on,0.4,0.5724053484381523,-1.0926954424374573,2.5594339823722323,-0.780786261124418
2026-04-30,risk_on,🟢 Risk-on,0.8,0.4797836123482419,-1.369136947794207,2.114969775833168,-0.031110191937209354
2026-05-29,risk_on,🟢 Risk-on,0.8,0.42735699908684016,-1.0704579661256286,1.2161724734144974,0.3669596289714877
2026-06-30,risk_on,🟢 Risk-on,0.4,0.5674226763663902,-0.8948981698910548,1.01729585493466,0.9188886733147524
2026-07-31,risk_on,🟢 Risk-on,0.5,1.0316848135602987,-0.7462292815868686,1.1616309545612897,0.19083322289977092
2026-08-31,risk_on,🟢 Risk-on,0.5,0.6845261804631876,-0.6848387045668848,1.4389979596499982,0.13854129299589144
2026-09-30,risk_on,🟢 Risk-on,0.4,0.30556206813768955,-0.3632216443201634,1.2896476259807255,0.9708337148675008
