Asset,Event_Type,Event_Day,CAR_Mean_Pct,CAR_Lower_95,CAR_Upper_95,T_Stat,N_Events
IBOVESPA,COPOM,-5,0.21,-0.09,0.52,1.37,40
IBOVESPA,COPOM,-4,0.3,-0.15,0.76,1.31,40
IBOVESPA,COPOM,-3,-0.13,-0.77,0.51,-0.4,40
IBOVESPA,COPOM,-2,-0.12,-0.88,0.65,-0.29,40
IBOVESPA,COPOM,-1,-0.32,-1.16,0.52,-0.75,40
IBOVESPA,COPOM,0,-0.18,-1.1,0.75,-0.38,40
IBOVESPA,COPOM,1,-0.31,-1.31,0.68,-0.62,40
IBOVESPA,COPOM,2,-0.61,-1.83,0.62,-0.97,40
IBOVESPA,COPOM,3,-0.69,-1.98,0.61,-1.04,40
IBOVESPA,COPOM,4,-0.63,-2.01,0.75,-0.9,40
IBOVESPA,COPOM,5,-0.69,-2.14,0.75,-0.94,40
IBOVESPA,COPOM,6,-0.3,-1.81,1.2,-0.39,40
IBOVESPA,COPOM,7,-0.16,-1.73,1.4,-0.2,40
IBOVESPA,COPOM,8,-0.17,-1.76,1.43,-0.2,40
IBOVESPA,COPOM,9,0.15,-1.54,1.84,0.17,40
IBOVESPA,COPOM,10,-0.02,-1.76,1.73,-0.02,40
IBOVESPA,COPOM,11,-0.23,-2.04,1.58,-0.25,40
IBOVESPA,COPOM,12,0.04,-1.7,1.78,0.04,40
IBOVESPA,COPOM,13,0.22,-1.52,1.95,0.24,40
IBOVESPA,COPOM,14,0.27,-1.49,2.03,0.3,40
IBOVESPA,COPOM,15,0.05,-1.74,1.83,0.05,40
IBOVESPA,COPOM,16,-0.01,-1.82,1.8,-0.01,40
IBOVESPA,COPOM,17,-0.14,-1.98,1.69,-0.15,40
IBOVESPA,COPOM,18,-0.29,-2.18,1.61,-0.3,40
IBOVESPA,COPOM,19,-0.27,-2.2,1.65,-0.28,40
IBOVESPA,COPOM,20,-0.39,-2.29,1.52,-0.4,40
IBOVESPA,FOMC,-5,0.02,-0.43,0.47,0.08,18
IBOVESPA,FOMC,-4,-0.12,-0.77,0.53,-0.36,18
IBOVESPA,FOMC,-3,-0.22,-1.08,0.64,-0.5,18
IBOVESPA,FOMC,-2,-0.25,-1.63,1.12,-0.36,18
IBOVESPA,FOMC,-1,-0.39,-1.88,1.1,-0.52,18
IBOVESPA,FOMC,0,-0.44,-2.08,1.19,-0.53,18
IBOVESPA,FOMC,1,-0.53,-2.36,1.3,-0.57,18
IBOVESPA,FOMC,2,-0.65,-2.74,1.45,-0.61,18
IBOVESPA,FOMC,3,-0.93,-3.01,1.14,-0.88,18
IBOVESPA,FOMC,4,-0.46,-2.62,1.71,-0.41,18
IBOVESPA,FOMC,5,-0.42,-2.59,1.75,-0.38,18
IBOVESPA,FOMC,6,-0.24,-2.75,2.27,-0.19,18
IBOVESPA,FOMC,7,-0.07,-2.44,2.31,-0.05,18
IBOVESPA,FOMC,8,0.58,-1.83,2.98,0.47,18
IBOVESPA,FOMC,9,0.69,-1.81,3.19,0.54,18
IBOVESPA,FOMC,10,0.44,-2.31,3.18,0.31,18
IBOVESPA,FOMC,11,0.4,-2.46,3.25,0.27,18
IBOVESPA,FOMC,12,0.69,-2.31,3.7,0.45,18
IBOVESPA,FOMC,13,0.55,-2.47,3.56,0.36,18
IBOVESPA,FOMC,14,0.2,-2.97,3.37,0.12,18
IBOVESPA,FOMC,15,-0.11,-3.34,3.13,-0.06,18
IBOVESPA,FOMC,16,0.31,-2.79,3.4,0.19,18
IBOVESPA,FOMC,17,-0.17,-3.23,2.89,-0.11,18
IBOVESPA,FOMC,18,-0.43,-3.52,2.67,-0.27,18
IBOVESPA,FOMC,19,0.13,-2.97,3.24,0.08,18
IBOVESPA,FOMC,20,0.12,-2.92,3.17,0.08,18
IBOVESPA,FISCAL,-5,-0.47,-1.75,0.81,-0.72,9
IBOVESPA,FISCAL,-4,-0.18,-1.67,1.31,-0.24,9
IBOVESPA,FISCAL,-3,-0.03,-1.47,1.4,-0.05,9
IBOVESPA,FISCAL,-2,0.67,-0.85,2.18,0.86,9
IBOVESPA,FISCAL,-1,0.06,-1.73,1.86,0.07,9
IBOVESPA,FISCAL,0,-0.42,-2.67,1.84,-0.36,9
IBOVESPA,FISCAL,1,-1.11,-3.1,0.87,-1.1,9
IBOVESPA,FISCAL,2,-0.98,-2.69,0.73,-1.12,9
IBOVESPA,FISCAL,3,-0.5,-2.42,1.42,-0.51,9
IBOVESPA,FISCAL,4,-1.09,-3.32,1.13,-0.96,9
IBOVESPA,FISCAL,5,-1.48,-3.91,0.96,-1.19,9
IBOVESPA,FISCAL,6,-1.93,-4.49,0.62,-1.48,9
IBOVESPA,FISCAL,7,-1.91,-4.57,0.74,-1.41,9
IBOVESPA,FISCAL,8,-1.1,-4.26,2.06,-0.68,9
IBOVESPA,FISCAL,9,-0.55,-3.79,2.69,-0.33,9
IBOVESPA,FISCAL,10,-0.44,-3.47,2.59,-0.29,9
IBOVESPA,FISCAL,11,-1.15,-4.25,1.95,-0.73,9
IBOVESPA,FISCAL,12,-1.42,-4.5,1.67,-0.9,9
IBOVESPA,FISCAL,13,-1.0,-4.27,2.27,-0.6,9
IBOVESPA,FISCAL,14,-1.51,-4.64,1.61,-0.95,9
IBOVESPA,FISCAL,15,-1.39,-4.52,1.73,-0.88,9
IBOVESPA,FISCAL,16,-1.08,-4.03,1.88,-0.72,9
IBOVESPA,FISCAL,17,-1.4,-4.45,1.64,-0.9,9
IBOVESPA,FISCAL,18,-1.51,-4.32,1.3,-1.05,9
IBOVESPA,FISCAL,19,-1.67,-4.65,1.31,-1.1,9
IBOVESPA,FISCAL,20,-2.01,-4.94,0.92,-1.35,9
USD_BRL,COPOM,-5,-0.03,-0.37,0.31,-0.15,40
USD_BRL,COPOM,-4,-0.34,-0.81,0.12,-1.45,40
USD_BRL,COPOM,-3,-0.71,-1.3,-0.13,-2.39,40
USD_BRL,COPOM,-2,-0.53,-1.15,0.09,-1.68,40
USD_BRL,COPOM,-1,-0.3,-1.0,0.4,-0.83,40
USD_BRL,COPOM,0,-0.32,-0.99,0.35,-0.93,40
USD_BRL,COPOM,1,-0.69,-1.38,-0.0,-1.97,40
USD_BRL,COPOM,2,-0.53,-1.36,0.3,-1.26,40
USD_BRL,COPOM,3,-0.17,-1.06,0.72,-0.37,40
USD_BRL,COPOM,4,-0.03,-1.04,0.98,-0.06,40
USD_BRL,COPOM,5,-0.37,-1.39,0.65,-0.71,40
USD_BRL,COPOM,6,-0.04,-1.1,1.03,-0.07,40
USD_BRL,COPOM,7,-0.2,-1.29,0.88,-0.37,40
USD_BRL,COPOM,8,-0.5,-1.63,0.63,-0.86,40
USD_BRL,COPOM,9,-0.39,-1.58,0.79,-0.65,40
USD_BRL,COPOM,10,-0.45,-1.68,0.78,-0.72,40
USD_BRL,COPOM,11,-0.49,-1.69,0.71,-0.8,40
USD_BRL,COPOM,12,-0.19,-1.44,1.05,-0.31,40
USD_BRL,COPOM,13,-0.26,-1.56,1.05,-0.39,40
USD_BRL,COPOM,14,-0.35,-1.68,0.98,-0.52,40
USD_BRL,COPOM,15,-0.37,-1.7,0.96,-0.55,40
USD_BRL,COPOM,16,-0.25,-1.61,1.11,-0.36,40
USD_BRL,COPOM,17,-0.25,-1.55,1.06,-0.37,40
USD_BRL,COPOM,18,-0.4,-1.64,0.84,-0.63,40
USD_BRL,COPOM,19,-0.13,-1.43,1.17,-0.2,40
USD_BRL,COPOM,20,-0.06,-1.44,1.31,-0.09,40
USD_BRL,FOMC,-5,0.15,-0.35,0.65,0.58,18
USD_BRL,FOMC,-4,-0.03,-0.72,0.65,-0.1,18
USD_BRL,FOMC,-3,-0.23,-0.95,0.5,-0.61,18
USD_BRL,FOMC,-2,0.08,-0.72,0.88,0.19,18
USD_BRL,FOMC,-1,-0.11,-1.32,1.1,-0.18,18
USD_BRL,FOMC,0,-0.41,-1.62,0.8,-0.66,18
USD_BRL,FOMC,1,-0.65,-1.9,0.61,-1.01,18
USD_BRL,FOMC,2,-0.78,-2.11,0.55,-1.15,18
USD_BRL,FOMC,3,-0.46,-1.98,1.07,-0.59,18
USD_BRL,FOMC,4,-0.09,-1.83,1.65,-0.1,18
USD_BRL,FOMC,5,-0.36,-2.05,1.32,-0.42,18
USD_BRL,FOMC,6,-0.23,-2.03,1.56,-0.25,18
USD_BRL,FOMC,7,-0.09,-2.06,1.89,-0.09,18
USD_BRL,FOMC,8,-0.5,-2.51,1.51,-0.49,18
USD_BRL,FOMC,9,-0.87,-2.84,1.1,-0.87,18
USD_BRL,FOMC,10,-0.68,-2.68,1.32,-0.67,18
USD_BRL,FOMC,11,-0.86,-2.76,1.05,-0.88,18
USD_BRL,FOMC,12,-0.61,-2.6,1.39,-0.6,18
USD_BRL,FOMC,13,-0.83,-3.04,1.37,-0.74,18
USD_BRL,FOMC,14,-0.72,-2.99,1.55,-0.62,18
USD_BRL,FOMC,15,-0.14,-2.52,2.24,-0.12,18
USD_BRL,FOMC,16,-0.06,-2.49,2.37,-0.05,18
USD_BRL,FOMC,17,-0.28,-2.52,1.96,-0.24,18
USD_BRL,FOMC,18,-0.24,-2.44,1.95,-0.22,18
USD_BRL,FOMC,19,-0.17,-2.51,2.17,-0.14,18
USD_BRL,FOMC,20,-0.42,-2.88,2.04,-0.34,18
USD_BRL,FISCAL,-5,-0.08,-0.48,0.32,-0.41,9
USD_BRL,FISCAL,-4,0.28,-0.84,1.39,0.49,9
USD_BRL,FISCAL,-3,-0.19,-1.47,1.08,-0.3,9
USD_BRL,FISCAL,-2,-0.27,-1.41,0.86,-0.47,9
USD_BRL,FISCAL,-1,-0.74,-2.04,0.56,-1.11,9
USD_BRL,FISCAL,0,-0.49,-2.37,1.39,-0.51,9
USD_BRL,FISCAL,1,-0.08,-2.3,2.14,-0.07,9
USD_BRL,FISCAL,2,0.05,-2.46,2.56,0.04,9
USD_BRL,FISCAL,3,0.13,-2.22,2.47,0.11,9
USD_BRL,FISCAL,4,-0.22,-2.73,2.28,-0.18,9
USD_BRL,FISCAL,5,0.03,-2.2,2.26,0.02,9
USD_BRL,FISCAL,6,0.34,-1.97,2.66,0.29,9
USD_BRL,FISCAL,7,1.15,-1.46,3.77,0.86,9
USD_BRL,FISCAL,8,0.93,-1.37,3.24,0.79,9
USD_BRL,FISCAL,9,1.11,-1.67,3.89,0.78,9
USD_BRL,FISCAL,10,0.81,-2.39,4.01,0.49,9
USD_BRL,FISCAL,11,0.52,-2.48,3.52,0.34,9
USD_BRL,FISCAL,12,0.82,-2.04,3.69,0.56,9
USD_BRL,FISCAL,13,0.84,-2.26,3.95,0.53,9
USD_BRL,FISCAL,14,0.82,-2.36,4.0,0.5,9
USD_BRL,FISCAL,15,0.8,-2.46,4.06,0.48,9
USD_BRL,FISCAL,16,0.38,-2.83,3.58,0.23,9
USD_BRL,FISCAL,17,0.1,-2.8,3.0,0.07,9
USD_BRL,FISCAL,18,0.51,-2.63,3.65,0.32,9
USD_BRL,FISCAL,19,0.62,-2.33,3.56,0.41,9
USD_BRL,FISCAL,20,0.97,-2.18,4.12,0.6,9
IMAB11,COPOM,-5,0.12,-0.04,0.29,1.45,40
IMAB11,COPOM,-4,0.08,-0.06,0.23,1.13,40
IMAB11,COPOM,-3,0.03,-0.11,0.17,0.45,40
IMAB11,COPOM,-2,0.03,-0.11,0.18,0.46,40
IMAB11,COPOM,-1,0.02,-0.16,0.2,0.21,40
IMAB11,COPOM,0,0.03,-0.14,0.21,0.37,40
IMAB11,COPOM,1,0.0,-0.2,0.2,0.03,40
IMAB11,COPOM,2,-0.1,-0.36,0.17,-0.73,40
IMAB11,COPOM,3,-0.14,-0.4,0.12,-1.04,40
IMAB11,COPOM,4,-0.14,-0.41,0.13,-1.02,40
IMAB11,COPOM,5,-0.13,-0.43,0.16,-0.89,40
IMAB11,COPOM,6,-0.16,-0.44,0.13,-1.07,40
IMAB11,COPOM,7,-0.13,-0.43,0.17,-0.82,40
IMAB11,COPOM,8,-0.18,-0.51,0.14,-1.09,40
IMAB11,COPOM,9,-0.13,-0.47,0.2,-0.77,40
IMAB11,COPOM,10,-0.15,-0.51,0.21,-0.8,40
IMAB11,COPOM,11,-0.13,-0.49,0.23,-0.72,40
IMAB11,COPOM,12,-0.05,-0.39,0.3,-0.27,40
IMAB11,COPOM,13,-0.09,-0.44,0.26,-0.5,40
IMAB11,COPOM,14,-0.12,-0.47,0.24,-0.64,40
IMAB11,COPOM,15,-0.06,-0.42,0.31,-0.31,40
IMAB11,COPOM,16,-0.14,-0.48,0.2,-0.82,40
IMAB11,COPOM,17,-0.14,-0.45,0.17,-0.88,40
IMAB11,COPOM,18,-0.06,-0.41,0.29,-0.36,40
IMAB11,COPOM,19,-0.21,-0.63,0.21,-0.99,40
IMAB11,COPOM,20,-0.19,-0.61,0.23,-0.89,40
IMAB11,FOMC,-5,0.0,-0.0,0.0,0.04,18
IMAB11,FOMC,-4,0.0,-0.0,0.0,0.04,18
IMAB11,FOMC,-3,0.0,-0.01,0.01,0.04,18
IMAB11,FOMC,-2,0.0,-0.01,0.01,0.04,18
IMAB11,FOMC,-1,0.0,-0.01,0.01,0.04,18
IMAB11,FOMC,0,0.0,-0.01,0.01,0.04,18
IMAB11,FOMC,1,0.0,-0.01,0.02,0.04,18
IMAB11,FOMC,2,0.0,-0.02,0.02,0.04,18
IMAB11,FOMC,3,0.0,-0.02,0.02,0.04,18
IMAB11,FOMC,4,0.0,-0.02,0.02,0.04,18
IMAB11,FOMC,5,0.0,-0.02,0.02,0.04,18
IMAB11,FOMC,6,0.0,-0.02,0.03,0.04,18
IMAB11,FOMC,7,0.0,-0.03,0.03,0.04,18
IMAB11,FOMC,8,0.0,-0.03,0.03,0.04,18
IMAB11,FOMC,9,0.0,-0.03,0.03,0.04,18
IMAB11,FOMC,10,0.0,-0.03,0.03,0.04,18
IMAB11,FOMC,11,0.0,-0.03,0.04,0.04,18
IMAB11,FOMC,12,0.0,-0.04,0.04,0.04,18
IMAB11,FOMC,13,0.0,-0.04,0.04,0.04,18
IMAB11,FOMC,14,0.0,-0.04,0.04,0.04,18
IMAB11,FOMC,15,0.0,-0.04,0.05,0.04,18
IMAB11,FOMC,16,0.0,-0.05,0.05,0.04,18
IMAB11,FOMC,17,0.0,-0.05,0.05,0.04,18
IMAB11,FOMC,18,0.0,-0.05,0.05,0.04,18
IMAB11,FOMC,19,0.0,-0.05,0.05,0.04,18
IMAB11,FOMC,20,0.0,-0.05,0.06,0.04,18
IMAB11,FISCAL,-5,-0.04,-0.09,0.01,-1.46,9
IMAB11,FISCAL,-4,-0.18,-0.47,0.11,-1.23,9
IMAB11,FISCAL,-3,-0.17,-0.43,0.08,-1.31,9
IMAB11,FISCAL,-2,-0.16,-0.38,0.05,-1.47,9
IMAB11,FISCAL,-1,-0.56,-1.44,0.33,-1.24,9
IMAB11,FISCAL,0,-0.29,-0.67,0.09,-1.49,9
IMAB11,FISCAL,1,-0.32,-0.81,0.16,-1.3,9
IMAB11,FISCAL,2,-0.37,-0.92,0.18,-1.33,9
IMAB11,FISCAL,3,-0.37,-0.89,0.15,-1.39,9
IMAB11,FISCAL,4,-0.53,-1.25,0.19,-1.45,9
IMAB11,FISCAL,5,-0.61,-1.41,0.19,-1.5,9
IMAB11,FISCAL,6,-0.62,-1.44,0.19,-1.5,9
IMAB11,FISCAL,7,-0.7,-1.61,0.21,-1.5,9
IMAB11,FISCAL,8,-0.67,-1.54,0.2,-1.5,9
IMAB11,FISCAL,9,-0.64,-1.49,0.2,-1.5,9
IMAB11,FISCAL,10,-0.48,-1.15,0.2,-1.39,9
IMAB11,FISCAL,11,-0.52,-1.21,0.17,-1.48,9
IMAB11,FISCAL,12,-0.46,-1.09,0.18,-1.4,9
IMAB11,FISCAL,13,-0.52,-1.21,0.17,-1.48,9
IMAB11,FISCAL,14,-0.47,-1.11,0.17,-1.43,9
IMAB11,FISCAL,15,-0.53,-1.24,0.18,-1.47,9
IMAB11,FISCAL,16,-0.51,-1.22,0.21,-1.39,9
IMAB11,FISCAL,17,-0.49,-1.23,0.24,-1.31,9
IMAB11,FISCAL,18,-0.41,-1.0,0.18,-1.37,9
IMAB11,FISCAL,19,-0.57,-1.34,0.2,-1.45,9
IMAB11,FISCAL,20,-0.51,-1.25,0.23,-1.35,9
