lag,correlation
-20,-0.05530427403097551
-19,0.06826768119666629
-18,0.0957162256523668
-17,-0.09404436904768558
-16,0.027438729097734624
-15,-0.10096995565509545
-14,-0.21086696464899157
-13,-0.3562131900995291
-12,-0.04576102143971565
-11,-0.2243990390482095
-10,-0.21168494951746308
-9,-0.18643992967305673
-8,-0.25262850981486623
-7,-0.3152863944509846
-6,-0.3398759487377309
-5,-0.20163618509557357
-4,-0.0935419257313174
-3,-0.20249669107837312
-2,-0.19107583165066216
-1,-0.10707024317061796
0,-0.14802048809235255
1,-0.11305960934935033
2,-0.1425774712076396
3,-0.051495179793240385
4,-0.19024557529564992
5,0.07311016646645528
6,0.009555743729639011
7,0.1712617295488401
8,0.05752271975530394
9,0.25325110803692447
10,0.1083958301289357
11,0.15409447797620954
12,0.22787501558297918
13,0.2711567287915184
14,0.12653977994645393
15,0.21772957432054701
16,0.1531741588745544
17,0.22649112219600737
18,0.3025638284665825
19,0.07640304486312614
20,0.12425243993471724
