date,scenario,direction,move_bps,bova11_5d,imab11_5d,usd_brl_5d,ifix_5d,ibovespa_5d,bova11_10d,imab11_10d,usd_brl_10d,ifix_10d,ibovespa_10d,bova11_21d,imab11_21d,usd_brl_21d,ifix_21d,ibovespa_21d,bova11_63d,imab11_63d,usd_brl_63d,ifix_63d,ibovespa_63d
2025-11-28,+50bps,up,881.9669740850443,3.8017701868645615,0.0,-0.4596917429310121,1.0911195864757195,3.848533930453002,0.696678065748324,0.0,2.6103711238988803,1.1686282642124013,0.6928990343893493,1.5352867774566903,0.0,3.9669180950244742,3.528933857614558,1.5626794819275314,19.24668611360889,39.12516305726641,-3.7908699413035984,6.142377501150243,19.258029032393644
2026-01-30,+50bps,up,887.3436961719985,-0.5149270246008419,-0.08130264683577915,0.7928846500705911,-0.060602855272917644,-0.507899511709442,2.631353045162943,0.1942424937436349,0.04822997149855901,-0.42977185875295865,2.583983251476274,3.1448799711841002,1.8335197267653314,-1.1448321485351354,1.6284116991952646,3.164160911087921,3.56423146070427,3.739349579930651,-3.663845341550731,2.0108905057227844,3.4419110050411317
2026-02-27,+50bps,up,893.7431695929218,-5.715569959124833,-1.015742864953162,2.0742673718607385,-0.06640028997708658,-5.571630624127133,-6.182005855787532,-0.7975048175872357,0.5671224702146871,-0.7967144871762644,-6.178434681509259,-4.9517550223589835,-0.4405684397848275,2.2657713554457226,-0.42615003790689165,-4.802318849924925,-7.2149482767965285,1.7995156264160928,-1.992883233153564,-0.6604348342727828,-7.340056120611937
2026-03-31,+50bps,up,977.4261696963024,3.1016676783796715,0.9620865251961153,-1.527820764363319,0.7340507032198129,3.084111858380645,8.28444571879925,2.3739922130626256,-4.515094108281792,1.3192112265805522,8.220979577526567,3.493272569800754,2.4721824927905867,-4.5981902911856665,1.6861449037331555,3.3917356084880446,-5.38988996876173,1.5936672574153987,-0.38426139691908334,-1.7044762569968785,-5.624325503404782
2026-04-30,+50bps,up,1017.2969330778872,1.7901390291241492,0.5738565902979942,-1.3354020422467916,-0.05650741132633419,1.5963263372237413,-3.9909419732913065,0.04793145327475212,-1.6906863179302012,-1.7992395295233776,-4.155717716650331,-5.154499463260642,0.6927824295839824,1.6337212345911345,-1.1878003858135533,-5.2713628120610085,-4.308999464685481,0.14515283081217856,1.9227594894789757,-3.0766344848600857,-4.906209581148913
2026-05-29,+50bps,up,1048.4454135825188,-2.5628207885055265,-1.3448264428119971,0.09681986523324415,-0.29175330849624537,-2.701651094528168,-1.6961050073969308,-1.0135210903849057,2.358846177449314,-1.465880093959815,-1.997061784602172,-0.7762629204503768,-1.1388936268956762,2.428894375392243,-1.4594093605464598,-0.9347082992239852,0.4797457183011056,1.2916596797676427,1.7306387107107413,-3.6599784281758696,0.05448372323896278
2026-06-30,+50bps,up,1076.335938332196,-0.5525778890613231,0.49048128880968545,0.271475311293512,0.37552636774654813,-0.42432963984296856,1.2758661179828823,1.0466120380067667,-1.2094943553374482,0.5321213281655135,1.527346716317457,2.200720111190446,0.7509226328641261,-0.8919864326210059,-0.42843089116511024,2.0533103367485817,6.468436931138887,4.804204780786636,-0.02445584466520545,-2.2365144891888344,6.3830184644545485
2026-07-31,+50bps,up,1042.1619945486611,-1.2982315196163219,0.6702677341468122,0.23175388946877762,-1.0438978221466666,-0.905883732439472,-5.948313086567348,1.021244350415318,1.3470803757448468,-2.6267706889697484,-5.788545282807489,-0.8191233317567548,2.128052930186719,0.6964875617479827,-1.2310156488593016,-0.7549455349716405,,,,,
2026-08-31,+50bps,up,1003.7397195088861,5.258251335747044,0.9053308092036083,-1.1609738675606995,0.3937968504619693,5.3160430952229,6.330982448614664,1.8284123363601967,-1.120448641137406,0.24359556969248963,6.445604116406445,4.336700932307769,2.3212673272786533,0.540514945542514,-0.34922184491620323,4.188961343476927,,,,,
2026-09-30,+50bps,up,952.2319454650547,,,,,,,,,,,,,,,,,,,,
